match_id,event_name,event_stage,match_date,team1,team2,score_overall,player_name,player_id,player_team,stat_type,agent,rating,acs,k,d,a,kd_diff,kast,adr,hs_percent,fk,fd,fk_fd_diff,map_name,map_winner
378837,Valorant Champions 2024,Group Stage,2025-10-11,TH,KRÜ,1-2,MiniBoo,18350,TH,map,Fade,0.79,347,27,12,7,15,71,141,29,2,7,-5,Ascent,KRÜ
378837,Valorant Champions 2024,Group Stage,2025-10-11,TH,KRÜ,1-2,Wo0t,21328,TH,map,Iso,0.97,272,17,21,4,-4,77,172,28,7,4,3,Ascent,KRÜ
378837,Valorant Champions 2024,Group Stage,2025-10-11,TH,KRÜ,1-2,Boo,1144,TH,map,Breach,1.05,276,15,17,6,-2,63,109,17,3,7,-4,Ascent,KRÜ
378837,Valorant Champions 2024,Group Stage,2025-10-11,TH,KRÜ,1-2,benjyfishy,29873,TH,map,Reyna,1.19,152,17,15,5,2,65,101,16,0,7,-7,Ascent,KRÜ
378837,Valorant Champions 2024,Group Stage,2025-10-11,TH,KRÜ,1-2,RieNs,10971,TH,map,Kayo,0.75,166,22,13,8,9,65,196,30,4,4,0,Ascent,KRÜ
378837,Valorant Champions 2024,Group Stage,2025-10-11,TH,KRÜ,1-2,mta,36169,KRÜ,map,Waylay,0.72,308,13,16,2,-3,71,139,34,7,7,0,Ascent,KRÜ
378837,Valorant Champions 2024,Group Stage,2025-10-11,TH,KRÜ,1-2,Melser,1311,KRÜ,map,Fade,1.11,269,16,15,8,1,76,196,28,2,8,-6,Ascent,KRÜ
378837,Valorant Champions 2024,Group Stage,2025-10-11,TH,KRÜ,1-2,keznit,2462,KRÜ,map,Killjoy,0.77,231,23,23,4,0,57,104,25,1,0,1,Ascent,KRÜ
378837,Valorant Champions 2024,Group Stage,2025-10-11,TH,KRÜ,1-2,Shyy,24007,KRÜ,map,Killjoy,1.19,167,25,8,7,17,67,110,15,6,1,5,Ascent,KRÜ
378837,Valorant Champions 2024,Group Stage,2025-10-11,TH,KRÜ,1-2,heat,8673,KRÜ,map,Brimstone,0.92,180,23,21,9,2,71,111,21,4,8,-4,Ascent,KRÜ
378838,Valorant Champions 2024,Group Stage,2025-10-11,TE,LEV,0-2,LuoK1ng,3045,TE,map,Sova,1.1,222,21,21,6,0,59,114,32,8,6,2,Abyss,LEV
378838,Valorant Champions 2024,Group Stage,2025-10-11,TE,LEV,0-2,heybay,4712,TE,map,Harbor,0.88,182,10,9,6,1,71,103,17,5,0,5,Abyss,LEV
378838,Valorant Champions 2024,Group Stage,2025-10-11,TE,LEV,0-2,Biank,3021,TE,map,Tejo,0.77,350,28,9,11,19,62,161,17,7,0,7,Abyss,LEV
378838,Valorant Champions 2024,Group Stage,2025-10-11,TE,LEV,0-2,Kai,37494,TE,map,Sova,1.11,239,20,23,7,-3,68,109,17,6,4,2,Abyss,LEV
378838,Valorant Champions 2024,Group Stage,2025-10-11,TE,LEV,0-2,FengF,4770,TE,map,Vyse,0.7,312,24,21,12,3,84,149,32,2,5,-3,Abyss,LEV
378838,Valorant Champions 2024,Group Stage,2025-10-11,TE,LEV,0-2,tex,1818,LEV,map,Deadlock,0.94,303,27,13,8,14,68,132,16,8,8,0,Abyss,LEV
378838,Valorant Champions 2024,Group Stage,2025-10-11,TE,LEV,0-2,C0M,619,LEV,map,Jett,1.2,294,22,24,8,-2,75,192,32,5,3,2,Abyss,LEV
378838,Valorant Champions 2024,Group Stage,2025-10-11,TE,LEV,0-2,kiNgg,8549,LEV,map,Tejo,1.11,164,27,24,9,3,73,163,18,7,2,5,Abyss,LEV
378838,Valorant Champions 2024,Group Stage,2025-10-11,TE,LEV,0-2,Mazino,7603,LEV,map,Cypher,0.94,293,29,12,8,17,55,119,22,3,6,-3,Abyss,LEV
378838,Valorant Champions 2024,Group Stage,2025-10-11,TE,LEV,0-2,aspas,8480,LEV,map,Clove,0.7,227,30,17,2,13,80,172,16,2,3,-1,Abyss,LEV
378839,Valorant Champions 2024,Group Stage,2025-10-11,GEN,DRX,1-2,Meteor,13039,GEN,map,Deadlock,0.76,180,14,9,9,5,77,158,28,8,4,4,All Maps,DRX
378839,Valorant Champions 2024,Group Stage,2025-10-11,GEN,DRX,1-2,Karon,34974,GEN,map,Reyna,1.03,194,29,18,7,11,64,186,28,4,5,-1,All Maps,DRX
378839,Valorant Champions 2024,Group Stage,2025-10-11,GEN,DRX,1-2,Munchkin,2489,GEN,map,Skye,1.07,238,23,14,6,9,58,114,17,5,1,4,All Maps,DRX
378839,Valorant Champions 2024,Group Stage,2025-10-11,GEN,DRX,1-2,Lakia,773,GEN,map,Cypher,1.28,264,25,15,2,10,71,199,32,1,4,-3,All Maps,DRX
378839,Valorant Champions 2024,Group Stage,2025-10-11,GEN,DRX,1-2,t3xture,9196,GEN,map,Chamber,0.73,271,30,25,3,5,69,139,30,3,6,-3,All Maps,DRX
378839,Valorant Champions 2024,Group Stage,2025-10-11,GEN,DRX,1-2,MaKo,4462,DRX,map,Tejo,0.77,326,20,22,5,-2,61,177,23,1,4,-3,All Maps,DRX
378839,Valorant Champions 2024,Group Stage,2025-10-11,GEN,DRX,1-2,Foxy9,11600,DRX,map,Omen,1.28,214,23,25,8,-2,56,154,29,3,8,-5,All Maps,DRX
378839,Valorant Champions 2024,Group Stage,2025-10-11,GEN,DRX,1-2,Flashback,35013,DRX,map,Yoru,0.83,272,25,14,7,11,56,128,27,4,0,4,All Maps,DRX
378839,Valorant Champions 2024,Group Stage,2025-10-11,GEN,DRX,1-2,BeYN,4678,DRX,map,Vyse,1.29,307,11,22,10,-11,68,139,17,7,3,4,All Maps,DRX
378839,Valorant Champions 2024,Group Stage,2025-10-11,GEN,DRX,1-2,BuZz,804,DRX,map,Reyna,1.0,246,25,14,12,11,67,110,18,2,8,-6,All Maps,DRX
378840,Valorant Champions 2024,Group Stage,2025-10-11,FUT,TE,2-1,qRaxs,1139,FUT,map,Harbor,1.2,260,23,10,5,13,65,117,16,8,6,2,Haven,FUT
378840,Valorant Champions 2024,Group Stage,2025-10-11,FUT,TE,2-1,cNed,573,FUT,map,Breach,0.77,252,28,8,10,20,55,179,31,4,1,3,Haven,FUT
378840,Valorant Champions 2024,Group Stage,2025-10-11,FUT,TE,2-1,AtaKaptan,6510,FUT,map,Phoenix,1.29,173,20,9,12,11,74,172,22,1,6,-5,Haven,FUT
378840,Valorant Champions 2024,Group Stage,2025-10-11,FUT,TE,2-1,MrFaliN,8044,FUT,map,Fade,0.82,242,13,16,3,-3,70,146,28,2,3,-1,Haven,FUT
378840,Valorant Champions 2024,Group Stage,2025-10-11,FUT,TE,2-1,yetujey,8369,FUT,map,Clove,1.12,327,22,14,7,8,59,107,15,1,5,-4,Haven,FUT
378840,Valorant Champions 2024,Group Stage,2025-10-11,FUT,TE,2-1,Biank,3021,TE,map,Vyse,1.08,248,17,23,4,-6,73,130,32,2,6,-4,Haven,FUT
378840,Valorant Champions 2024,Group Stage,2025-10-11,FUT,TE,2-1,FengF,4770,TE,map,Viper,1.04,231,21,19,12,2,81,172,22,3,5,-2,Haven,FUT
378840,Valorant Champions 2024,Group Stage,2025-10-11,FUT,TE,2-1,LuoK1ng,3045,TE,map,Clove,0.74,255,30,17,2,13,57,193,18,2,8,-6,Haven,FUT
378840,Valorant Champions 2024,Group Stage,2025-10-11,FUT,TE,2-1,Kai,37494,TE,map,Yoru,1.14,278,23,21,4,2,62,160,19,3,1,2,Haven,FUT
378840,Valorant Champions 2024,Group Stage,2025-10-11,FUT,TE,2-1,heybay,4712,TE,map,Neon,0.82,347,13,13,2,0,76,183,34,4,4,0,Haven,FUT
378841,Valorant Champions 2024,Group Stage,2025-10-11,FPX,TH,0-2,AAAAY,19530,FPX,map,Iso,1.29,244,12,13,5,-1,66,127,20,1,3,-2,Abyss,TH
378841,Valorant Champions 2024,Group Stage,2025-10-11,FPX,TH,0-2,Lysoar,37489,FPX,map,Tejo,0.89,164,29,14,9,15,82,182,28,4,8,-4,Abyss,TH
378841,Valorant Champions 2024,Group Stage,2025-10-11,FPX,TH,0-2,Autumn,872,FPX,map,Viper,1.06,290,28,19,11,9,69,191,34,1,1,0,Abyss,TH
378841,Valorant Champions 2024,Group Stage,2025-10-11,FPX,TH,0-2,BerLIN,7857,FPX,map,Vyse,1.08,253,21,19,8,2,65,114,17,6,4,2,Abyss,TH
378841,Valorant Champions 2024,Group Stage,2025-10-11,FPX,TH,0-2,Life,3028,FPX,map,Brimstone,1.05,276,21,21,5,0,60,145,32,5,4,1,Abyss,TH
378841,Valorant Champions 2024,Group Stage,2025-10-11,FPX,TH,0-2,benjyfishy,29873,TH,map,Brimstone,1.18,156,25,15,2,10,74,133,24,3,4,-1,Abyss,TH
378841,Valorant Champions 2024,Group Stage,2025-10-11,FPX,TH,0-2,Wo0t,21328,TH,map,Harbor,1.12,293,23,13,7,10,70,170,23,0,0,0,Abyss,TH
378841,Valorant Champions 2024,Group Stage,2025-10-11,FPX,TH,0-2,MiniBoo,18350,TH,map,Brimstone,1.29,256,24,11,2,13,79,142,24,5,5,0,Abyss,TH
378841,Valorant Champions 2024,Group Stage,2025-10-11,FPX,TH,0-2,Boo,1144,TH,map,Sage,0.99,251,19,21,11,-2,68,164,27,4,8,-4,Abyss,TH
378841,Valorant Champions 2024,Group Stage,2025-10-11,FPX,TH,0-2,RieNs,10971,TH,map,Omen,1.0,311,24,25,7,-1,59,127,28,6,2,4,Abyss,TH
378842,Valorant Champions 2024,Group Stage,2025-10-11,DRX,KRÜ,0-2,MaKo,4462,DRX,map,Harbor,1.2,285,29,14,3,15,68,120,30,1,0,1,Ascent,KRÜ
378842,Valorant Champions 2024,Group Stage,2025-10-11,DRX,KRÜ,0-2,BuZz,804,DRX,map,Tejo,1.06,295,19,13,8,6,69,146,31,7,2,5,Ascent,KRÜ
378842,Valorant Champions 2024,Group Stage,2025-10-11,DRX,KRÜ,0-2,Flashback,35013,DRX,map,Chamber,0.88,214,28,23,10,5,62,148,18,8,3,5,Ascent,KRÜ
378842,Valorant Champions 2024,Group Stage,2025-10-11,DRX,KRÜ,0-2,Foxy9,11600,DRX,map,Tejo,0.78,346,22,24,2,-2,77,135,17,7,6,1,Ascent,KRÜ
378842,Valorant Champions 2024,Group Stage,2025-10-11,DRX,KRÜ,0-2,BeYN,4678,DRX,map,Viper,0.82,274,18,24,5,-6,69,148,20,2,3,-1,Ascent,KRÜ
378842,Valorant Champions 2024,Group Stage,2025-10-11,DRX,KRÜ,0-2,Melser,1311,KRÜ,map,Killjoy,0.88,307,23,11,6,12,68,103,29,4,0,4,Ascent,KRÜ
378842,Valorant Champions 2024,Group Stage,2025-10-11,DRX,KRÜ,0-2,mta,36169,KRÜ,map,Clove,0.97,191,12,12,2,0,69,185,29,7,0,7,Ascent,KRÜ
378842,Valorant Champions 2024,Group Stage,2025-10-11,DRX,KRÜ,0-2,keznit,2462,KRÜ,map,Jett,1.29,312,18,19,3,-1,65,139,21,0,1,-1,Ascent,KRÜ
378842,Valorant Champions 2024,Group Stage,2025-10-11,DRX,KRÜ,0-2,heat,8673,KRÜ,map,Cypher,0.8,253,21,13,9,8,82,112,25,5,4,1,Ascent,KRÜ
378842,Valorant Champions 2024,Group Stage,2025-10-11,DRX,KRÜ,0-2,Shyy,24007,KRÜ,map,Kayo,1.18,162,30,10,8,20,80,150,35,1,0,1,Ascent,KRÜ
378843,Valorant Champions 2024,Group Stage,2025-10-18,FPX,VIT,2-0,AAAAY,19530,FPX,map,Fade,1.2,327,21,21,9,0,75,128,33,6,2,4,Bind,FPX
378843,Valorant Champions 2024,Group Stage,2025-10-18,FPX,VIT,2-0,BerLIN,7857,FPX,map,Killjoy,1.27,255,13,9,6,4,69,104,29,2,0,2,Bind,FPX
378843,Valorant Champions 2024,Group Stage,2025-10-18,FPX,VIT,2-0,Lysoar,37489,FPX,map,Fade,0.91,168,26,13,12,13,56,112,29,6,2,4,Bind,FPX
378843,Valorant Champions 2024,Group Stage,2025-10-18,FPX,VIT,2-0,Autumn,872,FPX,map,Kayo,1.2,325,15,13,5,2,69,186,23,8,4,4,Bind,FPX
378843,Valorant Champions 2024,Group Stage,2025-10-18,FPX,VIT,2-0,Life,3028,FPX,map,Vyse,0.89,163,11,13,6,-2,79,112,24,4,8,-4,Bind,FPX
378843,Valorant Champions 2024,Group Stage,2025-10-18,FPX,VIT,2-0,Sayf,312,VIT,map,Viper,1.24,271,13,15,6,-2,84,146,19,7,5,2,Bind,FPX
378843,Valorant Champions 2024,Group Stage,2025-10-18,FPX,VIT,2-0,ceNder,4321,VIT,map,Phoenix,1.11,239,27,24,6,3,84,193,30,5,8,-3,Bind,FPX
378843,Valorant Champions 2024,Group Stage,2025-10-18,FPX,VIT,2-0,runneR,21610,VIT,map,Viper,0.84,284,11,25,12,-14,65,187,16,6,5,1,Bind,FPX
378843,Valorant Champions 2024,Group Stage,2025-10-18,FPX,VIT,2-0,trexx,2168,VIT,map,Neon,1.1,188,25,15,3,10,58,136,20,6,2,4,Bind,FPX
378843,Valorant Champions 2024,Group Stage,2025-10-18,FPX,VIT,2-0,Kicks,11134,VIT,map,Omen,1.09,153,12,14,4,-2,79,178,27,1,7,-6,Bind,FPX
378844,Valorant Champions 2024,Group Stage,2025-10-18,PRX,KRÜ,2-0,something,17086,PRX,map,Fade,0.92,222,12,10,10,2,74,192,19,8,8,0,Abyss,PRX
378844,Valorant Champions 2024,Group Stage,2025-10-18,PRX,KRÜ,2-0,mindfreak,9800,PRX,map,Breach,0.74,350,23,9,5,14,70,193,22,5,6,-1,Abyss,PRX
378844,Valorant Champions 2024,Group Stage,2025-10-18,PRX,KRÜ,2-0,d4v41,9803,PRX,map,Tejo,0.93,220,17,14,2,3,85,193,28,3,4,-1,Abyss,PRX
378844,Valorant Champions 2024,Group Stage,2025-10-18,PRX,KRÜ,2-0,f0rsakeN,9801,PRX,map,Iso,0.89,206,27,17,10,10,75,174,17,3,3,0,Abyss,PRX
378844,Valorant Champions 2024,Group Stage,2025-10-18,PRX,KRÜ,2-0,Jinggg,7378,PRX,map,Gekko,0.71,214,17,11,11,6,70,183,28,1,4,-3,Abyss,PRX
378844,Valorant Champions 2024,Group Stage,2025-10-18,PRX,KRÜ,2-0,Melser,1311,KRÜ,map,Raze,0.78,255,22,16,2,6,57,127,17,4,0,4,Abyss,PRX
378844,Valorant Champions 2024,Group Stage,2025-10-18,PRX,KRÜ,2-0,Shyy,24007,KRÜ,map,Raze,1.0,348,26,10,2,16,63,178,30,6,6,0,Abyss,PRX
378844,Valorant Champions 2024,Group Stage,2025-10-18,PRX,KRÜ,2-0,keznit,2462,KRÜ,map,Sage,0.7,316,15,22,4,-7,67,121,32,0,3,-3,Abyss,PRX
378844,Valorant Champions 2024,Group Stage,2025-10-18,PRX,KRÜ,2-0,mta,36169,KRÜ,map,Raze,0.86,156,15,18,6,-3,56,104,30,5,5,0,Abyss,PRX
378844,Valorant Champions 2024,Group Stage,2025-10-18,PRX,KRÜ,2-0,heat,8673,KRÜ,map,Skye,0.95,225,18,20,9,-2,74,114,28,6,4,2,Abyss,PRX
378845,Valorant Champions 2024,Group Stage,2025-10-18,LEV,BLG,2-1,kiNgg,8549,LEV,map,Chamber,1.14,236,14,21,6,-7,81,177,35,4,2,2,Icebox,LEV
378845,Valorant Champions 2024,Group Stage,2025-10-18,LEV,BLG,2-1,tex,1818,LEV,map,Tejo,0.99,308,28,17,8,11,85,161,35,2,3,-1,Icebox,LEV
378845,Valorant Champions 2024,Group Stage,2025-10-18,LEV,BLG,2-1,C0M,619,LEV,map,Breach,0.99,339,29,19,12,10,64,123,32,3,8,-5,Icebox,LEV
378845,Valorant Champions 2024,Group Stage,2025-10-18,LEV,BLG,2-1,aspas,8480,LEV,map,Omen,1.26,331,25,10,9,15,79,137,31,1,8,-7,Icebox,LEV
378845,Valorant Champions 2024,Group Stage,2025-10-18,LEV,BLG,2-1,Mazino,7603,LEV,map,Jett,0.99,315,24,18,9,6,78,105,31,2,2,0,Icebox,LEV
378845,Valorant Champions 2024,Group Stage,2025-10-18,LEV,BLG,2-1,Knight,4774,BLG,map,Astra,0.75,192,11,12,11,-1,64,118,24,0,6,-6,Icebox,LEV
378845,Valorant Champions 2024,Group Stage,2025-10-18,LEV,BLG,2-1,Flex1n,4705,BLG,map,Breach,1.15,234,25,16,5,9,69,137,29,4,1,3,Icebox,LEV
378845,Valorant Champions 2024,Group Stage,2025-10-18,LEV,BLG,2-1,whzy,4885,BLG,map,Waylay,1.19,166,17,16,5,1,65,110,20,0,1,-1,Icebox,LEV
378845,Valorant Champions 2024,Group Stage,2025-10-18,LEV,BLG,2-1,nephh,10698,BLG,map,Viper,1.21,319,18,9,3,9,59,192,28,5,1,4,Icebox,LEV
378845,Valorant Champions 2024,Group Stage,2025-10-18,LEV,BLG,2-1,yosemite,6022,BLG,map,Reyna,1.15,282,20,12,3,8,81,160,28,6,2,4,Icebox,LEV
378846,Valorant Champions 2024,Group Stage,2025-10-18,TH,SEN,0-2,benjyfishy,29873,TH,map,Chamber,1.09,287,10,20,12,-10,61,173,24,8,8,0,Abyss,SEN
378846,Valorant Champions 2024,Group Stage,2025-10-18,TH,SEN,0-2,Boo,1144,TH,map,Harbor,0.9,220,27,20,8,7,59,195,21,5,6,-1,Abyss,SEN
378846,Valorant Champions 2024,Group Stage,2025-10-18,TH,SEN,0-2,MiniBoo,18350,TH,map,Waylay,1.18,162,21,20,6,1,70,154,20,8,6,2,Abyss,SEN
378846,Valorant Champions 2024,Group Stage,2025-10-18,TH,SEN,0-2,RieNs,10971,TH,map,Chamber,1.0,168,20,24,12,-4,64,138,15,6,4,2,Abyss,SEN
378846,Valorant Champions 2024,Group Stage,2025-10-18,TH,SEN,0-2,Wo0t,21328,TH,map,Neon,0.92,306,11,14,12,-3,62,156,24,5,5,0,Abyss,SEN
378846,Valorant Champions 2024,Group Stage,2025-10-18,TH,SEN,0-2,Sacy,659,SEN,map,Deadlock,0.78,181,10,24,9,-14,61,140,27,1,4,-3,Abyss,SEN
378846,Valorant Champions 2024,Group Stage,2025-10-18,TH,SEN,0-2,zekken,4004,SEN,map,Fade,1.0,193,16,20,3,-4,74,198,16,2,4,-2,Abyss,SEN
378846,Valorant Champions 2024,Group Stage,2025-10-18,TH,SEN,0-2,TenZ,9,SEN,map,Deadlock,1.07,172,21,12,4,9,73,156,17,6,6,0,Abyss,SEN
378846,Valorant Champions 2024,Group Stage,2025-10-18,TH,SEN,0-2,johnqt,1265,SEN,map,Iso,0.84,294,19,22,2,-3,73,132,19,2,2,0,Abyss,SEN
378846,Valorant Champions 2024,Group Stage,2025-10-18,TH,SEN,0-2,Zellsis,729,SEN,map,Kayo,1.3,339,23,23,12,0,85,175,17,7,4,3,Abyss,SEN
378847,Valorant Champions 2024,Group Stage,2025-10-18,TH,SEN,1-2,Boo,1144,TH,map,Deadlock,0.93,282,27,11,12,16,58,159,19,4,2,2,Icebox,SEN
378847,Valorant Champions 2024,Group Stage,2025-10-18,TH,SEN,1-2,benjyfishy,29873,TH,map,Breach,1.2,234,12,19,9,-7,66,169,25,3,1,2,Icebox,SEN
378847,Valorant Champions 2024,Group Stage,2025-10-18,TH,SEN,1-2,Wo0t,21328,TH,map,Kayo,0.96,151,14,11,7,3,77,119,24,7,0,7,Icebox,SEN
378847,Valorant Champions 2024,Group Stage,2025-10-18,TH,SEN,1-2,RieNs,10971,TH,map,Neon,0.9,192,16,23,4,-7,78,171,28,1,3,-2,Icebox,SEN
378847,Valorant Champions 2024,Group Stage,2025-10-18,TH,SEN,1-2,MiniBoo,18350,TH,map,Iso,1.06,190,27,25,10,2,69,154,15,3,7,-4,Icebox,SEN
378847,Valorant Champions 2024,Group Stage,2025-10-18,TH,SEN,1-2,Zellsis,729,SEN,map,Yoru,0.86,232,27,18,10,9,69,139,22,0,0,0,Icebox,SEN
378847,Valorant Champions 2024,Group Stage,2025-10-18,TH,SEN,1-2,zekken,4004,SEN,map,Deadlock,1.28,245,10,15,2,-5,62,105,30,5,0,5,Icebox,SEN
378847,Valorant Champions 2024,Group Stage,2025-10-18,TH,SEN,1-2,johnqt,1265,SEN,map,Yoru,0.87,240,12,22,4,-10,83,166,30,8,3,5,Icebox,SEN
378847,Valorant Champions 2024,Group Stage,2025-10-18,TH,SEN,1-2,TenZ,9,SEN,map,Neon,0.9,256,29,17,7,12,73,164,19,1,1,0,Icebox,SEN
378847,Valorant Champions 2024,Group Stage,2025-10-18,TH,SEN,1-2,Sacy,659,SEN,map,Breach,1.23,228,15,11,4,4,73,168,22,3,4,-1,Icebox,SEN
378848,Valorant Champions 2024,Group Stage,2025-10-18,EDG,SEN,0-2,Smoggy,4742,EDG,map,Harbor,0.89,236,19,10,4,9,75,114,28,2,5,-3,Icebox,SEN
378848,Valorant Champions 2024,Group Stage,2025-10-18,EDG,SEN,0-2,CHICHOO,15559,EDG,map,Sage,0.87,332,29,23,3,6,62,120,29,2,4,-2,Icebox,SEN
378848,Valorant Champions 2024,Group Stage,2025-10-18,EDG,SEN,0-2,S1Mon,13768,EDG,map,Tejo,0.82,227,23,10,11,13,70,200,20,4,6,-2,Icebox,SEN
378848,Valorant Champions 2024,Group Stage,2025-10-18,EDG,SEN,0-2,ZmjjKK,3520,EDG,map,Breach,0.71,218,20,14,7,6,58,174,30,8,4,4,Icebox,SEN
378848,Valorant Champions 2024,Group Stage,2025-10-18,EDG,SEN,0-2,nobody,3017,EDG,map,Yoru,0.72,213,21,23,3,-2,60,186,18,8,6,2,Icebox,SEN
378848,Valorant Champions 2024,Group Stage,2025-10-18,EDG,SEN,0-2,Zellsis,729,SEN,map,Phoenix,0.87,333,28,12,5,16,76,117,31,8,0,8,Icebox,SEN
378848,Valorant Champions 2024,Group Stage,2025-10-18,EDG,SEN,0-2,TenZ,9,SEN,map,Sage,1.28,259,18,16,9,2,70,132,22,3,8,-5,Icebox,SEN
378848,Valorant Champions 2024,Group Stage,2025-10-18,EDG,SEN,0-2,johnqt,1265,SEN,map,Brimstone,0.81,298,11,14,6,-3,78,129,25,2,6,-4,Icebox,SEN
378848,Valorant Champions 2024,Group Stage,2025-10-18,EDG,SEN,0-2,Sacy,659,SEN,map,Deadlock,0.73,330,13,15,8,-2,66,142,29,2,5,-3,Icebox,SEN
378848,Valorant Champions 2024,Group Stage,2025-10-18,EDG,SEN,0-2,zekken,4004,SEN,map,Breach,0.84,347,18,15,10,3,63,120,18,5,2,3,Icebox,SEN
378849,Valorant Champions 2024,Group Stage,2025-10-18,FUT,TLN,0-2,AtaKaptan,6510,FUT,map,Waylay,0.83,170,26,20,2,6,58,162,20,5,1,4,Ascent,TLN
378849,Valorant Champions 2024,Group Stage,2025-10-18,FUT,TLN,0-2,yetujey,8369,FUT,map,Gekko,1.21,290,28,24,10,4,80,198,15,8,4,4,Ascent,TLN
378849,Valorant Champions 2024,Group Stage,2025-10-18,FUT,TLN,0-2,cNed,573,FUT,map,Kayo,0.78,173,24,19,10,5,83,187,22,2,7,-5,Ascent,TLN
378849,Valorant Champions 2024,Group Stage,2025-10-18,FUT,TLN,0-2,qRaxs,1139,FUT,map,Vyse,0.97,223,12,22,11,-10,71,168,20,6,8,-2,Ascent,TLN
378849,Valorant Champions 2024,Group Stage,2025-10-18,FUT,TLN,0-2,MrFaliN,8044,FUT,map,Gekko,0.93,329,27,22,9,5,65,111,16,8,8,0,Ascent,TLN
378849,Valorant Champions 2024,Group Stage,2025-10-18,FUT,TLN,0-2,ban,5129,TLN,map,Fade,0.74,296,13,16,8,-3,84,139,16,2,2,0,Ascent,TLN
378849,Valorant Champions 2024,Group Stage,2025-10-18,FUT,TLN,0-2,Governor,3980,TLN,map,Reyna,1.11,155,28,21,11,7,78,186,25,7,1,6,Ascent,TLN
378849,Valorant Champions 2024,Group Stage,2025-10-18,FUT,TLN,0-2,JitBoyS,13788,TLN,map,Deadlock,0.75,238,12,15,12,-3,78,103,26,6,2,4,Ascent,TLN
378849,Valorant Champions 2024,Group Stage,2025-10-18,FUT,TLN,0-2,Crws,3977,TLN,map,Astra,0.83,150,14,25,4,-11,74,113,21,2,6,-4,Ascent,TLN
378849,Valorant Champions 2024,Group Stage,2025-10-18,FUT,TLN,0-2,primmie,25255,TLN,map,Harbor,0.71,220,10,18,7,-8,68,180,32,0,7,-7,Ascent,TLN
378850,Valorant Champions 2024,Group Stage,2025-10-18,DRX,TH,2-0,MaKo,4462,DRX,map,Waylay,0.92,205,17,8,3,9,80,144,33,3,8,-5,Abyss,DRX
378850,Valorant Champions 2024,Group Stage,2025-10-18,DRX,TH,2-0,Flashback,35013,DRX,map,Neon,0.84,323,24,22,6,2,68,112,29,3,6,-3,Abyss,DRX
378850,Valorant Champions 2024,Group Stage,2025-10-18,DRX,TH,2-0,BuZz,804,DRX,map,Breach,0.99,246,16,17,6,-1,64,152,35,0,8,-8,Abyss,DRX
378850,Valorant Champions 2024,Group Stage,2025-10-18,DRX,TH,2-0,BeYN,4678,DRX,map,Astra,0.99,308,17,11,10,6,61,132,20,4,3,1,Abyss,DRX
378850,Valorant Champions 2024,Group Stage,2025-10-18,DRX,TH,2-0,Foxy9,11600,DRX,map,Fade,1.13,179,11,15,8,-4,68,109,16,3,8,-5,Abyss,DRX
378850,Valorant Champions 2024,Group Stage,2025-10-18,DRX,TH,2-0,benjyfishy,29873,TH,map,Iso,1.17,312,27,17,5,10,62,166,17,0,1,-1,Abyss,DRX
378850,Valorant Champions 2024,Group Stage,2025-10-18,DRX,TH,2-0,MiniBoo,18350,TH,map,Sage,0.99,349,21,20,10,1,68,182,16,7,7,0,Abyss,DRX
378850,Valorant Champions 2024,Group Stage,2025-10-18,DRX,TH,2-0,RieNs,10971,TH,map,Skye,0.94,333,20,11,8,9,56,106,31,1,4,-3,Abyss,DRX
378850,Valorant Champions 2024,Group Stage,2025-10-18,DRX,TH,2-0,Wo0t,21328,TH,map,Cypher,0.86,213,18,10,2,8,84,164,16,7,7,0,Abyss,DRX
378850,Valorant Champions 2024,Group Stage,2025-10-18,DRX,TH,2-0,Boo,1144,TH,map,Breach,1.3,304,25,20,11,5,59,171,33,8,4,4,Abyss,DRX
378851,Valorant Champions 2024,Group Stage,2025-10-18,PRX,BLG,1-2,mindfreak,9800,PRX,map,Phoenix,0.82,312,10,10,8,0,68,141,15,4,3,1,Lotus,BLG
378851,Valorant Champions 2024,Group Stage,2025-10-18,PRX,BLG,1-2,something,17086,PRX,map,Kayo,1.19,268,24,22,4,2,61,146,26,3,6,-3,Lotus,BLG
378851,Valorant Champions 2024,Group Stage,2025-10-18,PRX,BLG,1-2,d4v41,9803,PRX,map,Sova,1.01,189,13,10,5,3,84,176,25,7,5,2,Lotus,BLG
378851,Valorant Champions 2024,Group Stage,2025-10-18,PRX,BLG,1-2,Jinggg,7378,PRX,map,Cypher,0.77,259,21,23,5,-2,66,141,33,7,7,0,Lotus,BLG
378851,Valorant Champions 2024,Group Stage,2025-10-18,PRX,BLG,1-2,f0rsakeN,9801,PRX,map,Clove,0.79,340,20,15,11,5,83,197,31,3,1,2,Lotus,BLG
378851,Valorant Champions 2024,Group Stage,2025-10-18,PRX,BLG,1-2,whzy,4885,BLG,map,Chamber,1.14,315,12,21,4,-9,85,169,16,4,0,4,Lotus,BLG
378851,Valorant Champions 2024,Group Stage,2025-10-18,PRX,BLG,1-2,Knight,4774,BLG,map,Breach,1.29,156,22,13,9,9,71,113,35,5,7,-2,Lotus,BLG
378851,Valorant Champions 2024,Group Stage,2025-10-18,PRX,BLG,1-2,yosemite,6022,BLG,map,Brimstone,1.11,158,28,9,4,19,73,135,26,7,6,1,Lotus,BLG
378851,Valorant Champions 2024,Group Stage,2025-10-18,PRX,BLG,1-2,Flex1n,4705,BLG,map,Kayo,0.85,297,16,22,6,-6,82,194,24,7,1,6,Lotus,BLG
378851,Valorant Champions 2024,Group Stage,2025-10-18,PRX,BLG,1-2,nephh,10698,BLG,map,Neon,0.79,244,17,23,5,-6,78,108,27,8,3,5,Lotus,BLG
378852,Valorant Champions 2024,Group Stage,2025-10-18,TE,FNC,0-2,Biank,3021,TE,map,Clove,0.81,321,14,9,7,5,82,200,24,2,6,-4,Abyss,FNC
378852,Valorant Champions 2024,Group Stage,2025-10-18,TE,FNC,0-2,FengF,4770,TE,map,Astra,0.71,295,20,10,4,10,73,102,34,6,3,3,Abyss,FNC
378852,Valorant Champions 2024,Group Stage,2025-10-18,TE,FNC,0-2,Kai,37494,TE,map,Omen,0.83,316,16,16,9,0,68,140,35,0,8,-8,Abyss,FNC
378852,Valorant Champions 2024,Group Stage,2025-10-18,TE,FNC,0-2,LuoK1ng,3045,TE,map,Tejo,1.24,276,22,13,6,9,55,188,32,6,0,6,Abyss,FNC
378852,Valorant Champions 2024,Group Stage,2025-10-18,TE,FNC,0-2,heybay,4712,TE,map,Kayo,0.7,186,29,21,8,8,77,171,28,6,5,1,Abyss,FNC
378852,Valorant Champions 2024,Group Stage,2025-10-18,TE,FNC,0-2,hiro,29867,FNC,map,Waylay,0.92,343,23,8,9,15,73,103,18,7,8,-1,Abyss,FNC
378852,Valorant Champions 2024,Group Stage,2025-10-18,TE,FNC,0-2,Derke,5022,FNC,map,Tejo,1.0,190,25,13,12,12,59,195,33,0,4,-4,Abyss,FNC
378852,Valorant Champions 2024,Group Stage,2025-10-18,TE,FNC,0-2,Alfajer,9810,FNC,map,Chamber,0.86,213,29,9,5,20,82,166,16,8,2,6,Abyss,FNC
378852,Valorant Champions 2024,Group Stage,2025-10-18,TE,FNC,0-2,Boaster,438,FNC,map,Vyse,1.21,155,29,9,4,20,82,196,22,5,2,3,Abyss,FNC
378852,Valorant Champions 2024,Group Stage,2025-10-18,TE,FNC,0-2,Chronicle,458,FNC,map,Waylay,1.27,198,30,20,4,10,84,143,22,1,1,0,Abyss,FNC
378853,Valorant Champions 2024,Group Stage,2025-10-18,VIT,TE,0-2,Sayf,312,VIT,map,Iso,1.22,278,27,13,11,14,61,108,22,8,6,2,Sunset,TE
378853,Valorant Champions 2024,Group Stage,2025-10-18,VIT,TE,0-2,runneR,21610,VIT,map,Tejo,0.95,227,16,24,7,-8,71,123,33,1,1,0,Sunset,TE
378853,Valorant Champions 2024,Group Stage,2025-10-18,VIT,TE,0-2,ceNder,4321,VIT,map,Skye,0.75,292,30,24,6,6,70,122,20,8,0,8,Sunset,TE
378853,Valorant Champions 2024,Group Stage,2025-10-18,VIT,TE,0-2,Kicks,11134,VIT,map,Yoru,1.08,166,22,12,8,10,60,115,22,7,0,7,Sunset,TE
378853,Valorant Champions 2024,Group Stage,2025-10-18,VIT,TE,0-2,trexx,2168,VIT,map,Phoenix,1.14,292,28,17,5,11,81,172,35,8,2,6,Sunset,TE
378853,Valorant Champions 2024,Group Stage,2025-10-18,VIT,TE,0-2,heybay,4712,TE,map,Cypher,0.78,305,21,20,9,1,78,101,23,7,5,2,Sunset,TE
378853,Valorant Champions 2024,Group Stage,2025-10-18,VIT,TE,0-2,LuoK1ng,3045,TE,map,Deadlock,0.79,210,19,24,9,-5,57,118,20,8,2,6,Sunset,TE
378853,Valorant Champions 2024,Group Stage,2025-10-18,VIT,TE,0-2,Biank,3021,TE,map,Raze,0.88,237,16,25,5,-9,82,150,28,4,2,2,Sunset,TE
378853,Valorant Champions 2024,Group Stage,2025-10-18,VIT,TE,0-2,FengF,4770,TE,map,Killjoy,0.75,323,10,15,8,-5,62,132,17,0,4,-4,Sunset,TE
378853,Valorant Champions 2024,Group Stage,2025-10-18,VIT,TE,0-2,Kai,37494,TE,map,Harbor,1.0,208,19,20,6,-1,63,150,34,0,8,-8,Sunset,TE
378854,Valorant Champions 2024,Group Stage,2025-10-18,EDG,PRX,2-1,Smoggy,4742,EDG,map,Gekko,0.93,160,18,23,6,-5,62,197,21,4,8,-4,Lotus,EDG
378854,Valorant Champions 2024,Group Stage,2025-10-18,EDG,PRX,2-1,ZmjjKK,3520,EDG,map,Cypher,1.27,307,13,10,7,3,62,128,18,3,6,-3,Lotus,EDG
378854,Valorant Champions 2024,Group Stage,2025-10-18,EDG,PRX,2-1,S1Mon,13768,EDG,map,Phoenix,0.85,220,27,15,4,12,62,170,32,8,7,1,Lotus,EDG
378854,Valorant Champions 2024,Group Stage,2025-10-18,EDG,PRX,2-1,nobody,3017,EDG,map,Gekko,0.88,345,12,11,4,1,63,100,17,2,7,-5,Lotus,EDG
378854,Valorant Champions 2024,Group Stage,2025-10-18,EDG,PRX,2-1,CHICHOO,15559,EDG,map,Yoru,0.72,170,15,21,10,-6,65,113,25,2,2,0,Lotus,EDG
378854,Valorant Champions 2024,Group Stage,2025-10-18,EDG,PRX,2-1,d4v41,9803,PRX,map,Cypher,0.86,348,28,11,11,17,74,103,30,7,7,0,Lotus,EDG
378854,Valorant Champions 2024,Group Stage,2025-10-18,EDG,PRX,2-1,f0rsakeN,9801,PRX,map,Deadlock,0.71,296,25,22,3,3,68,139,16,4,0,4,Lotus,EDG
378854,Valorant Champions 2024,Group Stage,2025-10-18,EDG,PRX,2-1,something,17086,PRX,map,Skye,1.25,326,17,19,6,-2,70,186,33,2,5,-3,Lotus,EDG
378854,Valorant Champions 2024,Group Stage,2025-10-18,EDG,PRX,2-1,mindfreak,9800,PRX,map,Raze,1.05,202,16,23,4,-7,81,124,29,5,8,-3,Lotus,EDG
378854,Valorant Champions 2024,Group Stage,2025-10-18,EDG,PRX,2-1,Jinggg,7378,PRX,map,Sova,0.97,203,26,13,10,13,70,173,21,2,3,-1,Lotus,EDG
378855,Valorant Champions 2024,Group Stage,2025-10-18,FUT,TE,1-2,cNed,573,FUT,map,Yoru,0.97,209,27,24,9,3,60,141,27,8,6,2,Sunset,TE
378855,Valorant Champions 2024,Group Stage,2025-10-18,FUT,TE,1-2,qRaxs,1139,FUT,map,Deadlock,0.87,204,21,13,10,8,85,107,19,7,5,2,Sunset,TE
378855,Valorant Champions 2024,Group Stage,2025-10-18,FUT,TE,1-2,MrFaliN,8044,FUT,map,Neon,0.91,336,19,16,5,3,67,131,32,2,8,-6,Sunset,TE
378855,Valorant Champions 2024,Group Stage,2025-10-18,FUT,TE,1-2,AtaKaptan,6510,FUT,map,Waylay,1.18,274,24,24,7,0,83,131,17,0,1,-1,Sunset,TE
378855,Valorant Champions 2024,Group Stage,2025-10-18,FUT,TE,1-2,yetujey,8369,FUT,map,Killjoy,1.16,247,14,19,9,-5,59,111,32,0,0,0,Sunset,TE
378855,Valorant Champions 2024,Group Stage,2025-10-18,FUT,TE,1-2,LuoK1ng,3045,TE,map,Sage,0.98,283,23,13,8,10,85,162,29,4,2,2,Sunset,TE
378855,Valorant Champions 2024,Group Stage,2025-10-18,FUT,TE,1-2,Biank,3021,TE,map,Kayo,1.04,304,27,23,9,4,70,138,19,2,7,-5,Sunset,TE
378855,Valorant Champions 2024,Group Stage,2025-10-18,FUT,TE,1-2,heybay,4712,TE,map,Omen,1.07,197,23,20,6,3,59,132,23,0,8,-8,Sunset,TE
378855,Valorant Champions 2024,Group Stage,2025-10-18,FUT,TE,1-2,FengF,4770,TE,map,Jett,1.14,217,12,24,7,-12,76,140,30,1,2,-1,Sunset,TE
378855,Valorant Champions 2024,Group Stage,2025-10-18,FUT,TE,1-2,Kai,37494,TE,map,Vyse,0.73,197,22,16,6,6,73,183,23,3,6,-3,Sunset,TE
378856,Valorant Champions 2024,Group Stage,2025-10-18,TH,TE,1-2,benjyfishy,29873,TH,map,Jett,0.87,259,20,22,7,-2,80,162,23,2,3,-1,Abyss,TE
378856,Valorant Champions 2024,Group Stage,2025-10-18,TH,TE,1-2,MiniBoo,18350,TH,map,Skye,1.15,194,16,25,4,-9,83,106,28,5,4,1,Abyss,TE
378856,Valorant Champions 2024,Group Stage,2025-10-18,TH,TE,1-2,RieNs,10971,TH,map,Iso,1.11,211,16,25,11,-9,80,163,19,4,0,4,Abyss,TE
378856,Valorant Champions 2024,Group Stage,2025-10-18,TH,TE,1-2,Boo,1144,TH,map,Sova,1.22,238,13,8,7,5,78,147,26,2,6,-4,Abyss,TE
378856,Valorant Champions 2024,Group Stage,2025-10-18,TH,TE,1-2,Wo0t,21328,TH,map,Brimstone,0.8,203,30,22,12,8,65,189,18,4,7,-3,Abyss,TE
378856,Valorant Champions 2024,Group Stage,2025-10-18,TH,TE,1-2,LuoK1ng,3045,TE,map,Gekko,0.97,206,27,8,5,19,82,188,28,5,2,3,Abyss,TE
378856,Valorant Champions 2024,Group Stage,2025-10-18,TH,TE,1-2,heybay,4712,TE,map,Phoenix,1.07,160,22,10,2,12,74,170,33,0,6,-6,Abyss,TE
378856,Valorant Champions 2024,Group Stage,2025-10-18,TH,TE,1-2,FengF,4770,TE,map,Chamber,1.11,202,16,22,4,-6,78,162,34,3,1,2,Abyss,TE
378856,Valorant Champions 2024,Group Stage,2025-10-18,TH,TE,1-2,Biank,3021,TE,map,Brimstone,1.13,181,19,22,3,-3,56,182,35,2,5,-3,Abyss,TE
378856,Valorant Champions 2024,Group Stage,2025-10-18,TH,TE,1-2,Kai,37494,TE,map,Kayo,1.18,162,26,22,10,4,65,133,21,5,1,4,Abyss,TE
378857,Valorant Champions 2024,Group Stage,2025-10-18,SEN,FNC,2-0,Sacy,659,SEN,map,Chamber,1.2,308,24,12,5,12,70,126,33,4,3,1,Ascent,SEN
378857,Valorant Champions 2024,Group Stage,2025-10-18,SEN,FNC,2-0,Zellsis,729,SEN,map,Iso,0.95,232,16,15,10,1,81,141,21,0,8,-8,Ascent,SEN
378857,Valorant Champions 2024,Group Stage,2025-10-18,SEN,FNC,2-0,zekken,4004,SEN,map,Phoenix,0.92,237,30,25,3,5,66,183,27,2,6,-4,Ascent,SEN
378857,Valorant Champions 2024,Group Stage,2025-10-18,SEN,FNC,2-0,johnqt,1265,SEN,map,Skye,1.3,320,25,12,8,13,74,127,15,2,7,-5,Ascent,SEN
378857,Valorant Champions 2024,Group Stage,2025-10-18,SEN,FNC,2-0,TenZ,9,SEN,map,Clove,0.73,228,17,14,2,3,55,104,31,7,2,5,Ascent,SEN
378857,Valorant Champions 2024,Group Stage,2025-10-18,SEN,FNC,2-0,Chronicle,458,FNC,map,Kayo,1.19,246,23,22,12,1,60,150,31,1,8,-7,Ascent,SEN
378857,Valorant Champions 2024,Group Stage,2025-10-18,SEN,FNC,2-0,Boaster,438,FNC,map,Jett,0.8,180,27,18,5,9,83,102,17,6,2,4,Ascent,SEN
378857,Valorant Champions 2024,Group Stage,2025-10-18,SEN,FNC,2-0,hiro,29867,FNC,map,Phoenix,1.07,337,18,23,3,-5,59,138,16,4,6,-2,Ascent,SEN
378857,Valorant Champions 2024,Group Stage,2025-10-18,SEN,FNC,2-0,Alfajer,9810,FNC,map,Phoenix,0.72,223,28,20,5,8,63,117,27,3,7,-4,Ascent,SEN
378857,Valorant Champions 2024,Group Stage,2025-10-18,SEN,FNC,2-0,Derke,5022,FNC,map,Yoru,0.98,253,29,12,10,17,66,137,35,1,7,-6,Ascent,SEN
378858,Valorant Champions 2024,Group Stage,2025-10-18,TH,LEV,0-2,Boo,1144,TH,map,Killjoy,1.23,154,17,16,4,1,74,100,21,4,6,-2,Bind,LEV
378858,Valorant Champions 2024,Group Stage,2025-10-18,TH,LEV,0-2,benjyfishy,29873,TH,map,Viper,1.16,311,21,25,8,-4,77,113,18,2,7,-5,Bind,LEV
378858,Valorant Champions 2024,Group Stage,2025-10-18,TH,LEV,0-2,RieNs,10971,TH,map,Vyse,1.12,274,15,19,7,-4,63,109,26,7,7,0,Bind,LEV
378858,Valorant Champions 2024,Group Stage,2025-10-18,TH,LEV,0-2,MiniBoo,18350,TH,map,Clove,1.17,187,25,16,5,9,58,113,31,2,8,-6,Bind,LEV
378858,Valorant Champions 2024,Group Stage,2025-10-18,TH,LEV,0-2,Wo0t,21328,TH,map,Chamber,1.07,311,13,8,2,5,84,145,30,7,4,3,Bind,LEV
378858,Valorant Champions 2024,Group Stage,2025-10-18,TH,LEV,0-2,kiNgg,8549,LEV,map,Viper,0.78,319,25,14,8,11,69,137,29,1,8,-7,Bind,LEV
378858,Valorant Champions 2024,Group Stage,2025-10-18,TH,LEV,0-2,C0M,619,LEV,map,Neon,1.3,193,20,24,11,-4,81,134,15,2,4,-2,Bind,LEV
378858,Valorant Champions 2024,Group Stage,2025-10-18,TH,LEV,0-2,tex,1818,LEV,map,Cypher,1.08,162,27,18,12,9,85,136,35,3,2,1,Bind,LEV
378858,Valorant Champions 2024,Group Stage,2025-10-18,TH,LEV,0-2,aspas,8480,LEV,map,Chamber,0.76,340,20,13,11,7,80,179,34,5,0,5,Bind,LEV
378858,Valorant Champions 2024,Group Stage,2025-10-18,TH,LEV,0-2,Mazino,7603,LEV,map,Harbor,0.89,170,26,11,7,15,68,178,20,5,5,0,Bind,LEV
378859,Valorant Champions 2024,Group Stage,2025-10-18,VIT,GEN,1-2,Sayf,312,VIT,map,Killjoy,0.8,225,11,9,6,2,81,171,28,5,7,-2,Icebox,GEN
378859,Valorant Champions 2024,Group Stage,2025-10-18,VIT,GEN,1-2,Kicks,11134,VIT,map,Killjoy,0.79,211,13,24,10,-11,58,107,30,7,8,-1,Icebox,GEN
378859,Valorant Champions 2024,Group Stage,2025-10-18,VIT,GEN,1-2,trexx,2168,VIT,map,Raze,1.21,166,19,17,9,2,59,190,18,4,7,-3,Icebox,GEN
378859,Valorant Champions 2024,Group Stage,2025-10-18,VIT,GEN,1-2,ceNder,4321,VIT,map,Skye,1.1,234,12,15,4,-3,55,159,29,0,5,-5,Icebox,GEN
378859,Valorant Champions 2024,Group Stage,2025-10-18,VIT,GEN,1-2,runneR,21610,VIT,map,Kayo,1.28,269,19,15,12,4,58,104,31,1,5,-4,Icebox,GEN
378859,Valorant Champions 2024,Group Stage,2025-10-18,VIT,GEN,1-2,Karon,34974,GEN,map,Skye,0.78,184,10,19,2,-9,59,165,33,6,1,5,Icebox,GEN
378859,Valorant Champions 2024,Group Stage,2025-10-18,VIT,GEN,1-2,Munchkin,2489,GEN,map,Deadlock,0.84,331,27,21,2,6,69,133,16,6,6,0,Icebox,GEN
378859,Valorant Champions 2024,Group Stage,2025-10-18,VIT,GEN,1-2,Lakia,773,GEN,map,Vyse,0.79,171,28,21,12,7,68,179,18,0,5,-5,Icebox,GEN
378859,Valorant Champions 2024,Group Stage,2025-10-18,VIT,GEN,1-2,t3xture,9196,GEN,map,Brimstone,1.14,296,25,14,2,11,70,171,17,0,5,-5,Icebox,GEN
378859,Valorant Champions 2024,Group Stage,2025-10-18,VIT,GEN,1-2,Meteor,13039,GEN,map,Iso,1.17,217,18,15,6,3,64,172,25,7,4,3,Icebox,GEN
378860,Valorant Champions 2024,Group Stage,2025-10-18,BLG,LEV,0-2,nephh,10698,BLG,map,Phoenix,0.95,189,14,25,5,-11,76,153,35,7,5,2,Icebox,LEV
378860,Valorant Champions 2024,Group Stage,2025-10-18,BLG,LEV,0-2,Knight,4774,BLG,map,Kayo,0.98,347,19,18,12,1,82,142,34,8,5,3,Icebox,LEV
378860,Valorant Champions 2024,Group Stage,2025-10-18,BLG,LEV,0-2,Flex1n,4705,BLG,map,Clove,1.14,309,19,23,7,-4,61,113,20,1,1,0,Icebox,LEV
378860,Valorant Champions 2024,Group Stage,2025-10-18,BLG,LEV,0-2,whzy,4885,BLG,map,Viper,0.85,190,13,13,3,0,84,133,16,7,2,5,Icebox,LEV
378860,Valorant Champions 2024,Group Stage,2025-10-18,BLG,LEV,0-2,yosemite,6022,BLG,map,Chamber,1.14,319,30,8,6,22,64,131,16,7,5,2,Icebox,LEV
378860,Valorant Champions 2024,Group Stage,2025-10-18,BLG,LEV,0-2,aspas,8480,LEV,map,Viper,1.23,223,21,12,4,9,67,187,23,2,0,2,Icebox,LEV
378860,Valorant Champions 2024,Group Stage,2025-10-18,BLG,LEV,0-2,tex,1818,LEV,map,Sova,1.07,232,14,8,10,6,71,197,21,6,5,1,Icebox,LEV
378860,Valorant Champions 2024,Group Stage,2025-10-18,BLG,LEV,0-2,Mazino,7603,LEV,map,Cypher,1.14,284,14,21,2,-7,84,169,19,6,0,6,Icebox,LEV
378860,Valorant Champions 2024,Group Stage,2025-10-18,BLG,LEV,0-2,C0M,619,LEV,map,Waylay,1.2,208,27,24,4,3,76,155,33,4,5,-1,Icebox,LEV
378860,Valorant Champions 2024,Group Stage,2025-10-18,BLG,LEV,0-2,kiNgg,8549,LEV,map,Brimstone,1.2,235,27,18,8,9,56,132,23,5,0,5,Icebox,LEV
378861,Valorant Champions 2024,Group Stage,2025-10-18,BLG,FUT,2-0,whzy,4885,BLG,map,Cypher,1.06,238,28,21,10,7,59,198,35,8,3,5,Lotus,BLG
378861,Valorant Champions 2024,Group Stage,2025-10-18,BLG,FUT,2-0,nephh,10698,BLG,map,Iso,1.24,185,18,10,4,8,77,117,25,3,1,2,Lotus,BLG
378861,Valorant Champions 2024,Group Stage,2025-10-18,BLG,FUT,2-0,yosemite,6022,BLG,map,Vyse,1.27,253,12,12,4,0,70,195,22,1,1,0,Lotus,BLG
378861,Valorant Champions 2024,Group Stage,2025-10-18,BLG,FUT,2-0,Flex1n,4705,BLG,map,Kayo,1.0,177,16,22,2,-6,70,138,17,4,0,4,Lotus,BLG
378861,Valorant Champions 2024,Group Stage,2025-10-18,BLG,FUT,2-0,Knight,4774,BLG,map,Killjoy,0.97,212,13,16,8,-3,64,103,31,3,1,2,Lotus,BLG
378861,Valorant Champions 2024,Group Stage,2025-10-18,BLG,FUT,2-0,MrFaliN,8044,FUT,map,Sova,0.76,310,10,16,8,-6,68,126,18,0,0,0,Lotus,BLG
378861,Valorant Champions 2024,Group Stage,2025-10-18,BLG,FUT,2-0,AtaKaptan,6510,FUT,map,Breach,1.15,251,29,10,12,19,79,153,19,7,7,0,Lotus,BLG
378861,Valorant Champions 2024,Group Stage,2025-10-18,BLG,FUT,2-0,cNed,573,FUT,map,Skye,1.03,278,10,15,12,-5,77,122,35,6,0,6,Lotus,BLG
378861,Valorant Champions 2024,Group Stage,2025-10-18,BLG,FUT,2-0,qRaxs,1139,FUT,map,Sova,1.12,272,25,15,6,10,80,109,28,2,0,2,Lotus,BLG
378861,Valorant Champions 2024,Group Stage,2025-10-18,BLG,FUT,2-0,yetujey,8369,FUT,map,Breach,1.11,198,24,11,6,13,63,107,33,1,3,-2,Lotus,BLG
